date,novaculaRev,module,decl,gateOk,axiomsOk,size,consts,binderDepth,branches,directDeps,leanVersion,cost
2026-09-16,v0.0.0,Init,Nat.add_comm,false,true,34,7,4,1,7,4.34.0,
2026-09-16,v0.0.0,Init,Nat.le_antisymm,false,true,80,13,7,0,13,4.34.0,
2026-09-16,v0.0.0,Init,Nat.div_add_mod,false,true,58,15,2,0,15,4.34.0,
2026-09-16,v0.0.0,Init,Nat.sub_one_lt,false,true,40,10,2,0,10,4.34.0,
2026-09-16,v0.0.0,Init,List.length_append,false,true,207,24,6,1,24,4.34.0,
2026-09-16,v0.0.0,Init,List.reverse_reverse,false,true,67,10,3,0,10,4.34.0,
2026-09-16,v0.0.0,Init,Array.size_push,false,true,50,12,3,0,12,4.34.0,
2026-09-16,v0.0.0,Init,Nat.strongRecOn,false,true,41,7,5,0,7,4.34.0,
2026-09-16,v0.0.0,Fixtures,Fixtures.addComm,false,true,27,6,2,0,6,4.34.0,
2026-09-16,v0.0.0,Fixtures,Fixtures.branchy,false,true,105,18,3,1,18,4.34.0,
2026-09-16,v0.0.0,Fixtures,Fixtures.decBig,false,true,70,17,3,0,17,4.34.0,
2026-09-16,v0.0.0,Fixtures,Fixtures.natively,false,true,57,13,3,0,13,4.34.0,
2026-09-16,v0.0.0,Init,Nat.add_comm,false,true,34,7,4,1,7,4.34.0,
2026-09-16,v0.0.0,Init,Nat.le_antisymm,false,true,80,13,7,0,13,4.34.0,
2026-09-16,v0.0.0,Init,Nat.div_add_mod,false,true,58,15,2,0,15,4.34.0,
2026-09-16,v0.0.0,Init,Nat.sub_one_lt,false,true,40,10,2,0,10,4.34.0,
2026-09-16,v0.0.0,Init,List.length_append,false,true,207,24,6,1,24,4.34.0,
2026-09-16,v0.0.0,Init,List.reverse_reverse,false,true,67,10,3,0,10,4.34.0,
2026-09-16,v0.0.0,Init,Array.size_push,false,true,50,12,3,0,12,4.34.0,
2026-09-16,v0.0.0,Init,Nat.strongRecOn,false,true,41,7,5,0,7,4.34.0,
2026-09-16,v0.0.0,Fixtures,Fixtures.addComm,false,true,27,6,2,0,6,4.34.0,
2026-09-16,v0.0.0,Fixtures,Fixtures.branchy,false,true,105,18,3,1,18,4.34.0,
2026-09-16,v0.0.0,Fixtures,Fixtures.decBig,false,true,70,17,3,0,17,4.34.0,
2026-09-16,v0.0.0,Fixtures,Fixtures.natively,false,true,57,13,3,0,13,4.34.0,
2026-09-17,v0.0.0,Init,Nat.add_comm,false,true,34,7,4,1,7,4.34.0,
2026-09-17,v0.0.0,Init,Nat.le_antisymm,false,true,80,13,7,0,13,4.34.0,
2026-09-17,v0.0.0,Init,Nat.div_add_mod,false,true,58,15,2,0,15,4.34.0,
2026-09-17,v0.0.0,Init,Nat.sub_one_lt,false,true,40,10,2,0,10,4.34.0,
2026-09-17,v0.0.0,Init,List.length_append,false,true,207,24,6,1,24,4.34.0,
2026-09-17,v0.0.0,Init,List.reverse_reverse,false,true,67,10,3,0,10,4.34.0,
2026-09-17,v0.0.0,Init,Array.size_push,false,true,50,12,3,0,12,4.34.0,
2026-09-17,v0.0.0,Init,Nat.strongRecOn,false,true,41,7,5,0,7,4.34.0,
2026-09-17,v0.0.0,Fixtures,Fixtures.addComm,false,true,27,6,2,0,6,4.34.0,
2026-09-17,v0.0.0,Fixtures,Fixtures.branchy,false,true,105,18,3,1,18,4.34.0,
2026-09-17,v0.0.0,Fixtures,Fixtures.decBig,false,true,70,17,3,0,17,4.34.0,
2026-09-17,v0.0.0,Fixtures,Fixtures.natively,false,true,57,13,3,0,13,4.34.0,
2026-09-18,v0.0.0,Init,Nat.add_comm,false,true,34,7,4,1,7,4.34.0,
2026-09-18,v0.0.0,Init,Nat.le_antisymm,false,true,80,13,7,0,13,4.34.0,
2026-09-18,v0.0.0,Init,Nat.div_add_mod,false,true,58,15,2,0,15,4.34.0,
2026-09-18,v0.0.0,Init,Nat.sub_one_lt,false,true,40,10,2,0,10,4.34.0,
2026-09-18,v0.0.0,Init,List.length_append,false,true,207,24,6,1,24,4.34.0,
2026-09-18,v0.0.0,Init,List.reverse_reverse,false,true,67,10,3,0,10,4.34.0,
2026-09-18,v0.0.0,Init,Array.size_push,false,true,50,12,3,0,12,4.34.0,
2026-09-18,v0.0.0,Init,Nat.strongRecOn,false,true,41,7,5,0,7,4.34.0,
2026-09-18,v0.0.0,Fixtures,Fixtures.addComm,false,true,27,6,2,0,6,4.34.0,
2026-09-18,v0.0.0,Fixtures,Fixtures.branchy,false,true,105,18,3,1,18,4.34.0,
2026-09-18,v0.0.0,Fixtures,Fixtures.decBig,false,true,70,17,3,0,17,4.34.0,
2026-09-18,v0.0.0,Fixtures,Fixtures.natively,false,true,57,13,3,0,13,4.34.0,
2026-09-19,v0.0.0,Init,Nat.add_comm,false,true,34,7,4,1,7,4.34.0,
2026-09-19,v0.0.0,Init,Nat.le_antisymm,false,true,80,13,7,0,13,4.34.0,
2026-09-19,v0.0.0,Init,Nat.div_add_mod,false,true,58,15,2,0,15,4.34.0,
2026-09-19,v0.0.0,Init,Nat.sub_one_lt,false,true,40,10,2,0,10,4.34.0,
2026-09-19,v0.0.0,Init,List.length_append,false,true,207,24,6,1,24,4.34.0,
2026-09-19,v0.0.0,Init,List.reverse_reverse,false,true,67,10,3,0,10,4.34.0,
2026-09-19,v0.0.0,Init,Array.size_push,false,true,50,12,3,0,12,4.34.0,
2026-09-19,v0.0.0,Init,Nat.strongRecOn,false,true,41,7,5,0,7,4.34.0,
2026-09-19,v0.0.0,Fixtures,Fixtures.addComm,false,true,27,6,2,0,6,4.34.0,
2026-09-19,v0.0.0,Fixtures,Fixtures.branchy,false,true,105,18,3,1,18,4.34.0,
2026-09-19,v0.0.0,Fixtures,Fixtures.decBig,false,true,70,17,3,0,17,4.34.0,
2026-09-19,v0.0.0,Fixtures,Fixtures.natively,false,true,57,13,3,0,13,4.34.0,
2026-09-20,v0.0.0,Init,Nat.add_comm,false,true,34,7,4,1,7,4.34.0,
2026-09-20,v0.0.0,Init,Nat.le_antisymm,false,true,80,13,7,0,13,4.34.0,
2026-09-20,v0.0.0,Init,Nat.div_add_mod,false,true,58,15,2,0,15,4.34.0,
2026-09-20,v0.0.0,Init,Nat.sub_one_lt,false,true,40,10,2,0,10,4.34.0,
2026-09-20,v0.0.0,Init,List.length_append,false,true,207,24,6,1,24,4.34.0,
2026-09-20,v0.0.0,Init,List.reverse_reverse,false,true,67,10,3,0,10,4.34.0,
2026-09-20,v0.0.0,Init,Array.size_push,false,true,50,12,3,0,12,4.34.0,
2026-09-20,v0.0.0,Init,Nat.strongRecOn,false,true,41,7,5,0,7,4.34.0,
2026-09-20,v0.0.0,Fixtures,Fixtures.addComm,false,true,27,6,2,0,6,4.34.0,
2026-09-20,v0.0.0,Fixtures,Fixtures.branchy,false,true,105,18,3,1,18,4.34.0,
2026-09-20,v0.0.0,Fixtures,Fixtures.decBig,false,true,70,17,3,0,17,4.34.0,
2026-09-20,v0.0.0,Fixtures,Fixtures.natively,false,true,57,13,3,0,13,4.34.0,
2026-09-21,v0.0.0,Init,Nat.add_comm,false,true,34,7,4,1,7,4.34.0,
2026-09-21,v0.0.0,Init,Nat.le_antisymm,false,true,80,13,7,0,13,4.34.0,
2026-09-21,v0.0.0,Init,Nat.div_add_mod,false,true,58,15,2,0,15,4.34.0,
2026-09-21,v0.0.0,Init,Nat.sub_one_lt,false,true,40,10,2,0,10,4.34.0,
2026-09-21,v0.0.0,Init,List.length_append,false,true,207,24,6,1,24,4.34.0,
2026-09-21,v0.0.0,Init,List.reverse_reverse,false,true,67,10,3,0,10,4.34.0,
2026-09-21,v0.0.0,Init,Array.size_push,false,true,50,12,3,0,12,4.34.0,
2026-09-21,v0.0.0,Init,Nat.strongRecOn,false,true,41,7,5,0,7,4.34.0,
2026-09-21,v0.0.0,Fixtures,Fixtures.addComm,false,true,27,6,2,0,6,4.34.0,
2026-09-21,v0.0.0,Fixtures,Fixtures.branchy,false,true,105,18,3,1,18,4.34.0,
2026-09-21,v0.0.0,Fixtures,Fixtures.decBig,false,true,70,17,3,0,17,4.34.0,
2026-09-21,v0.0.0,Fixtures,Fixtures.natively,false,true,57,13,3,0,13,4.34.0,
2026-09-22,v0.0.0,Init,Nat.add_comm,false,true,34,7,4,1,7,4.34.0,
2026-09-22,v0.0.0,Init,Nat.le_antisymm,false,true,80,13,7,0,13,4.34.0,
2026-09-22,v0.0.0,Init,Nat.div_add_mod,false,true,58,15,2,0,15,4.34.0,
2026-09-22,v0.0.0,Init,Nat.sub_one_lt,false,true,40,10,2,0,10,4.34.0,
2026-09-22,v0.0.0,Init,List.length_append,false,true,207,24,6,1,24,4.34.0,
2026-09-22,v0.0.0,Init,List.reverse_reverse,false,true,67,10,3,0,10,4.34.0,
2026-09-22,v0.0.0,Init,Array.size_push,false,true,50,12,3,0,12,4.34.0,
2026-09-22,v0.0.0,Init,Nat.strongRecOn,false,true,41,7,5,0,7,4.34.0,
2026-09-22,v0.0.0,Fixtures,Fixtures.addComm,false,true,27,6,2,0,6,4.34.0,
2026-09-22,v0.0.0,Fixtures,Fixtures.branchy,false,true,105,18,3,1,18,4.34.0,
2026-09-22,v0.0.0,Fixtures,Fixtures.decBig,false,true,70,17,3,0,17,4.34.0,
2026-09-22,v0.0.0,Fixtures,Fixtures.natively,false,true,57,13,3,0,13,4.34.0,
2026-09-23,v0.0.0,Init,Nat.add_comm,false,true,34,7,4,1,7,4.34.0,
2026-09-23,v0.0.0,Init,Nat.le_antisymm,false,true,80,13,7,0,13,4.34.0,
2026-09-23,v0.0.0,Init,Nat.div_add_mod,false,true,58,15,2,0,15,4.34.0,
2026-09-23,v0.0.0,Init,Nat.sub_one_lt,false,true,40,10,2,0,10,4.34.0,
2026-09-23,v0.0.0,Init,List.length_append,false,true,207,24,6,1,24,4.34.0,
2026-09-23,v0.0.0,Init,List.reverse_reverse,false,true,67,10,3,0,10,4.34.0,
2026-09-23,v0.0.0,Init,Array.size_push,false,true,50,12,3,0,12,4.34.0,
2026-09-23,v0.0.0,Init,Nat.strongRecOn,false,true,41,7,5,0,7,4.34.0,
2026-09-23,v0.0.0,Fixtures,Fixtures.addComm,false,true,27,6,2,0,6,4.34.0,
2026-09-23,v0.0.0,Fixtures,Fixtures.branchy,false,true,105,18,3,1,18,4.34.0,
2026-09-23,v0.0.0,Fixtures,Fixtures.decBig,false,true,70,17,3,0,17,4.34.0,
2026-09-23,v0.0.0,Fixtures,Fixtures.natively,false,true,57,13,3,0,13,4.34.0,
2026-09-24,v0.0.0,Init,Nat.add_comm,false,true,34,7,4,1,7,4.34.0,
2026-09-24,v0.0.0,Init,Nat.le_antisymm,false,true,80,13,7,0,13,4.34.0,
2026-09-24,v0.0.0,Init,Nat.div_add_mod,false,true,58,15,2,0,15,4.34.0,
2026-09-24,v0.0.0,Init,Nat.sub_one_lt,false,true,40,10,2,0,10,4.34.0,
2026-09-24,v0.0.0,Init,List.length_append,false,true,207,24,6,1,24,4.34.0,
2026-09-24,v0.0.0,Init,List.reverse_reverse,false,true,67,10,3,0,10,4.34.0,
2026-09-24,v0.0.0,Init,Array.size_push,false,true,50,12,3,0,12,4.34.0,
2026-09-24,v0.0.0,Init,Nat.strongRecOn,false,true,41,7,5,0,7,4.34.0,
2026-09-24,v0.0.0,Fixtures,Fixtures.addComm,false,true,27,6,2,0,6,4.34.0,
2026-09-24,v0.0.0,Fixtures,Fixtures.branchy,false,true,105,18,3,1,18,4.34.0,
2026-09-24,v0.0.0,Fixtures,Fixtures.decBig,false,true,70,17,3,0,17,4.34.0,
2026-09-24,v0.0.0,Fixtures,Fixtures.natively,false,true,57,13,3,0,13,4.34.0,
2026-09-25,v0.0.0,Init,Nat.add_comm,false,true,34,7,4,1,7,4.34.1,
2026-09-25,v0.0.0,Init,Nat.le_antisymm,false,true,80,13,7,0,13,4.34.1,
2026-09-25,v0.0.0,Init,Nat.div_add_mod,false,true,58,15,2,0,15,4.34.1,
2026-09-25,v0.0.0,Init,Nat.sub_one_lt,false,true,40,10,2,0,10,4.34.1,
2026-09-25,v0.0.0,Init,List.length_append,false,true,207,24,6,1,24,4.34.1,
2026-09-25,v0.0.0,Init,List.reverse_reverse,false,true,67,10,3,0,10,4.34.1,
2026-09-25,v0.0.0,Init,Array.size_push,false,true,50,12,3,0,12,4.34.1,
2026-09-25,v0.0.0,Init,Nat.strongRecOn,false,true,41,7,5,0,7,4.34.1,
2026-09-25,v0.0.0,Fixtures,Fixtures.addComm,false,true,27,6,2,0,6,4.34.1,
2026-09-25,v0.0.0,Fixtures,Fixtures.branchy,false,true,105,18,3,1,18,4.34.1,
2026-09-25,v0.0.0,Fixtures,Fixtures.decBig,false,true,70,17,3,0,17,4.34.1,
2026-09-25,v0.0.0,Fixtures,Fixtures.natively,false,true,57,13,3,0,13,4.34.1,
2026-09-26,v0.0.0,Init,Nat.add_comm,false,true,34,7,4,1,7,4.34.1,
2026-09-26,v0.0.0,Init,Nat.le_antisymm,false,true,80,13,7,0,13,4.34.1,
2026-09-26,v0.0.0,Init,Nat.div_add_mod,false,true,58,15,2,0,15,4.34.1,
2026-09-26,v0.0.0,Init,Nat.sub_one_lt,false,true,40,10,2,0,10,4.34.1,
2026-09-26,v0.0.0,Init,List.length_append,false,true,207,24,6,1,24,4.34.1,
2026-09-26,v0.0.0,Init,List.reverse_reverse,false,true,67,10,3,0,10,4.34.1,
2026-09-26,v0.0.0,Init,Array.size_push,false,true,50,12,3,0,12,4.34.1,
2026-09-26,v0.0.0,Init,Nat.strongRecOn,false,true,41,7,5,0,7,4.34.1,
2026-09-26,v0.0.0,Fixtures,Fixtures.addComm,false,true,27,6,2,0,6,4.34.1,
2026-09-26,v0.0.0,Fixtures,Fixtures.branchy,false,true,105,18,3,1,18,4.34.1,
2026-09-26,v0.0.0,Fixtures,Fixtures.decBig,false,true,70,17,3,0,17,4.34.1,
2026-09-26,v0.0.0,Fixtures,Fixtures.natively,false,true,57,13,3,0,13,4.34.1,
2026-09-27,v0.0.0,Init,Nat.add_comm,false,true,34,7,4,1,7,4.34.1,
2026-09-27,v0.0.0,Init,Nat.le_antisymm,false,true,80,13,7,0,13,4.34.1,
2026-09-27,v0.0.0,Init,Nat.div_add_mod,false,true,58,15,2,0,15,4.34.1,
2026-09-27,v0.0.0,Init,Nat.sub_one_lt,false,true,40,10,2,0,10,4.34.1,
2026-09-27,v0.0.0,Init,List.length_append,false,true,207,24,6,1,24,4.34.1,
2026-09-27,v0.0.0,Init,List.reverse_reverse,false,true,67,10,3,0,10,4.34.1,
2026-09-27,v0.0.0,Init,Array.size_push,false,true,50,12,3,0,12,4.34.1,
2026-09-27,v0.0.0,Init,Nat.strongRecOn,false,true,41,7,5,0,7,4.34.1,
2026-09-27,v0.0.0,Fixtures,Fixtures.addComm,false,true,27,6,2,0,6,4.34.1,
2026-09-27,v0.0.0,Fixtures,Fixtures.branchy,false,true,105,18,3,1,18,4.34.1,
2026-09-27,v0.0.0,Fixtures,Fixtures.decBig,false,true,70,17,3,0,17,4.34.1,
2026-09-27,v0.0.0,Fixtures,Fixtures.natively,false,true,57,13,3,0,13,4.34.1,
2026-09-28,v0.0.0,Init,Nat.add_comm,false,true,34,7,4,1,7,4.34.1,
2026-09-28,v0.0.0,Init,Nat.le_antisymm,false,true,80,13,7,0,13,4.34.1,
2026-09-28,v0.0.0,Init,Nat.div_add_mod,false,true,58,15,2,0,15,4.34.1,
2026-09-28,v0.0.0,Init,Nat.sub_one_lt,false,true,40,10,2,0,10,4.34.1,
2026-09-28,v0.0.0,Init,List.length_append,false,true,207,24,6,1,24,4.34.1,
2026-09-28,v0.0.0,Init,List.reverse_reverse,false,true,67,10,3,0,10,4.34.1,
2026-09-28,v0.0.0,Init,Array.size_push,false,true,50,12,3,0,12,4.34.1,
2026-09-28,v0.0.0,Init,Nat.strongRecOn,false,true,41,7,5,0,7,4.34.1,
2026-09-28,v0.0.0,Fixtures,Fixtures.addComm,false,true,27,6,2,0,6,4.34.1,
2026-09-28,v0.0.0,Fixtures,Fixtures.branchy,false,true,105,18,3,1,18,4.34.1,
2026-09-28,v0.0.0,Fixtures,Fixtures.decBig,false,true,70,17,3,0,17,4.34.1,
2026-09-28,v0.0.0,Fixtures,Fixtures.natively,false,true,57,13,3,0,13,4.34.1,
2026-09-29,v0.0.0,Init,Nat.add_comm,false,true,34,7,4,1,7,4.34.1,
2026-09-29,v0.0.0,Init,Nat.le_antisymm,false,true,80,13,7,0,13,4.34.1,
2026-09-29,v0.0.0,Init,Nat.div_add_mod,false,true,58,15,2,0,15,4.34.1,
2026-09-29,v0.0.0,Init,Nat.sub_one_lt,false,true,40,10,2,0,10,4.34.1,
2026-09-29,v0.0.0,Init,List.length_append,false,true,207,24,6,1,24,4.34.1,
2026-09-29,v0.0.0,Init,List.reverse_reverse,false,true,67,10,3,0,10,4.34.1,
2026-09-29,v0.0.0,Init,Array.size_push,false,true,50,12,3,0,12,4.34.1,
2026-09-29,v0.0.0,Init,Nat.strongRecOn,false,true,41,7,5,0,7,4.34.1,
2026-09-29,v0.0.0,Init,*,false,true,,,,,,4.34.1,
2026-09-29,v0.0.0,Fixtures,Fixtures.addComm,false,true,27,6,2,0,6,4.34.1,
2026-09-29,v0.0.0,Fixtures,Fixtures.branchy,false,true,105,18,3,1,18,4.34.1,
2026-09-29,v0.0.0,Fixtures,Fixtures.decBig,false,true,70,17,3,0,17,4.34.1,
2026-09-29,v0.0.0,Fixtures,Fixtures.natively,false,true,57,13,3,0,13,4.34.1,
2026-09-29,v0.0.0,Fixtures,*,false,true,,,,,,4.34.1,
2026-09-30,v0.0.0,Init,Nat.add_comm,false,true,34,7,4,1,7,4.34.1,
2026-09-30,v0.0.0,Init,Nat.le_antisymm,false,true,80,13,7,0,13,4.34.1,
2026-09-30,v0.0.0,Init,Nat.div_add_mod,false,true,58,15,2,0,15,4.34.1,
2026-09-30,v0.0.0,Init,Nat.sub_one_lt,false,true,40,10,2,0,10,4.34.1,
2026-09-30,v0.0.0,Init,List.length_append,false,true,207,24,6,1,24,4.34.1,
2026-09-30,v0.0.0,Init,List.reverse_reverse,false,true,67,10,3,0,10,4.34.1,
2026-09-30,v0.0.0,Init,Array.size_push,false,true,50,12,3,0,12,4.34.1,
2026-09-30,v0.0.0,Init,Nat.strongRecOn,false,true,41,7,5,0,7,4.34.1,
2026-09-30,v0.0.0,Init,*,false,true,,,,,,4.34.1,
2026-09-30,v0.0.0,Fixtures,Fixtures.addComm,false,true,27,6,2,0,6,4.34.1,
2026-09-30,v0.0.0,Fixtures,Fixtures.branchy,false,true,105,18,3,1,18,4.34.1,
2026-09-30,v0.0.0,Fixtures,Fixtures.decBig,false,true,70,17,3,0,17,4.34.1,
2026-09-30,v0.0.0,Fixtures,Fixtures.natively,false,true,57,13,3,0,13,4.34.1,
2026-09-30,v0.0.0,Fixtures,*,false,true,,,,,,4.34.1,
2026-10-01,v0.0.0,Init,Nat.add_comm,false,true,34,7,4,1,7,4.34.1,
2026-10-01,v0.0.0,Init,Nat.le_antisymm,false,true,80,13,7,0,13,4.34.1,
2026-10-01,v0.0.0,Init,Nat.div_add_mod,false,true,58,15,2,0,15,4.34.1,
2026-10-01,v0.0.0,Init,Nat.sub_one_lt,false,true,40,10,2,0,10,4.34.1,
2026-10-01,v0.0.0,Init,List.length_append,false,true,207,24,6,1,24,4.34.1,
2026-10-01,v0.0.0,Init,List.reverse_reverse,false,true,67,10,3,0,10,4.34.1,
2026-10-01,v0.0.0,Init,Array.size_push,false,true,50,12,3,0,12,4.34.1,
2026-10-01,v0.0.0,Init,Nat.strongRecOn,false,true,41,7,5,0,7,4.34.1,
2026-10-01,v0.0.0,Init,*,false,true,,,,,,4.34.1,
2026-10-01,v0.0.0,Fixtures,Fixtures.addComm,false,true,27,6,2,0,6,4.34.1,
2026-10-01,v0.0.0,Fixtures,Fixtures.branchy,false,true,105,18,3,1,18,4.34.1,
2026-10-01,v0.0.0,Fixtures,Fixtures.decBig,false,true,70,17,3,0,17,4.34.1,
2026-10-01,v0.0.0,Fixtures,Fixtures.natively,false,true,57,13,3,0,13,4.34.1,
2026-10-01,v0.0.0,Fixtures,*,false,true,,,,,,4.34.1,
2026-10-02,v0.0.0,Init,Nat.add_comm,false,true,34,7,4,1,7,4.34.1,
2026-10-02,v0.0.0,Init,Nat.le_antisymm,false,true,80,13,7,0,13,4.34.1,
2026-10-02,v0.0.0,Init,Nat.div_add_mod,false,true,58,15,2,0,15,4.34.1,
2026-10-02,v0.0.0,Init,Nat.sub_one_lt,false,true,40,10,2,0,10,4.34.1,
2026-10-02,v0.0.0,Init,List.length_append,false,true,207,24,6,1,24,4.34.1,
2026-10-02,v0.0.0,Init,List.reverse_reverse,false,true,67,10,3,0,10,4.34.1,
2026-10-02,v0.0.0,Init,Array.size_push,false,true,50,12,3,0,12,4.34.1,
2026-10-02,v0.0.0,Init,Nat.strongRecOn,false,true,41,7,5,0,7,4.34.1,
2026-10-02,v0.0.0,Init,*,false,true,,,,,,4.34.1,
2026-10-02,v0.0.0,Fixtures,Fixtures.addComm,false,true,27,6,2,0,6,4.34.1,
2026-10-02,v0.0.0,Fixtures,Fixtures.branchy,false,true,105,18,3,1,18,4.34.1,
2026-10-02,v0.0.0,Fixtures,Fixtures.decBig,false,true,70,17,3,0,17,4.34.1,
2026-10-02,v0.0.0,Fixtures,Fixtures.natively,false,true,57,13,3,0,13,4.34.1,
2026-10-02,v0.0.0,Fixtures,*,false,true,,,,,,4.34.1,
2026-10-03,v0.3.0,Init,Nat.add_comm,false,true,34,7,4,1,7,4.34.1,
2026-10-03,v0.3.0,Init,Nat.le_antisymm,false,true,80,13,7,0,13,4.34.1,
2026-10-03,v0.3.0,Init,Nat.div_add_mod,false,true,58,15,2,0,15,4.34.1,
2026-10-03,v0.3.0,Init,Nat.sub_one_lt,false,true,40,10,2,0,10,4.34.1,
2026-10-03,v0.3.0,Init,List.length_append,false,true,207,24,6,1,24,4.34.1,
2026-10-03,v0.3.0,Init,List.reverse_reverse,false,true,67,10,3,0,10,4.34.1,
2026-10-03,v0.3.0,Init,Array.size_push,false,true,50,12,3,0,12,4.34.1,
2026-10-03,v0.3.0,Init,Nat.strongRecOn,false,true,41,7,5,0,7,4.34.1,
2026-10-03,v0.3.0,Init,*,false,true,,,,,,4.34.1,
2026-10-03,v0.3.0,Fixtures,Fixtures.addComm,false,true,27,6,2,0,6,4.34.1,
2026-10-03,v0.3.0,Fixtures,Fixtures.branchy,false,true,105,18,3,1,18,4.34.1,
2026-10-03,v0.3.0,Fixtures,Fixtures.decBig,false,true,70,17,3,0,17,4.34.1,
2026-10-03,v0.3.0,Fixtures,Fixtures.natively,false,true,57,13,3,0,13,4.34.1,
2026-10-03,v0.3.0,Fixtures,*,false,true,,,,,,4.34.1,
2026-10-04,v0.3.0,Init,Nat.add_comm,false,true,34,7,4,1,7,4.34.1,
2026-10-04,v0.3.0,Init,Nat.le_antisymm,false,true,80,13,7,0,13,4.34.1,
2026-10-04,v0.3.0,Init,Nat.div_add_mod,false,true,58,15,2,0,15,4.34.1,
2026-10-04,v0.3.0,Init,Nat.sub_one_lt,false,true,40,10,2,0,10,4.34.1,
2026-10-04,v0.3.0,Init,List.length_append,false,true,207,24,6,1,24,4.34.1,
2026-10-04,v0.3.0,Init,List.reverse_reverse,false,true,67,10,3,0,10,4.34.1,
2026-10-04,v0.3.0,Init,Array.size_push,false,true,50,12,3,0,12,4.34.1,
2026-10-04,v0.3.0,Init,Nat.strongRecOn,false,true,41,7,5,0,7,4.34.1,
2026-10-04,v0.3.0,Init,*,false,true,,,,,,4.34.1,
2026-10-04,v0.3.0,Fixtures,Fixtures.addComm,false,true,27,6,2,0,6,4.34.1,
2026-10-04,v0.3.0,Fixtures,Fixtures.branchy,false,true,105,18,3,1,18,4.34.1,
2026-10-04,v0.3.0,Fixtures,Fixtures.decBig,false,true,70,17,3,0,17,4.34.1,
2026-10-04,v0.3.0,Fixtures,Fixtures.natively,false,true,57,13,3,0,13,4.34.1,
2026-10-04,v0.3.0,Fixtures,*,false,true,,,,,,4.34.1,
2026-10-05,v0.3.0,Init,Nat.add_comm,false,true,34,7,4,1,7,4.34.1,
2026-10-05,v0.3.0,Init,Nat.le_antisymm,false,true,80,13,7,0,13,4.34.1,
2026-10-05,v0.3.0,Init,Nat.div_add_mod,false,true,58,15,2,0,15,4.34.1,
2026-10-05,v0.3.0,Init,Nat.sub_one_lt,false,true,40,10,2,0,10,4.34.1,
2026-10-05,v0.3.0,Init,List.length_append,false,true,207,24,6,1,24,4.34.1,
2026-10-05,v0.3.0,Init,List.reverse_reverse,false,true,67,10,3,0,10,4.34.1,
2026-10-05,v0.3.0,Init,Array.size_push,false,true,50,12,3,0,12,4.34.1,
2026-10-05,v0.3.0,Init,Nat.strongRecOn,false,true,41,7,5,0,7,4.34.1,
2026-10-05,v0.3.0,Init,*,false,true,,,,,,4.34.1,
2026-10-05,v0.3.0,Fixtures,Fixtures.addComm,false,true,27,6,2,0,6,4.34.1,
2026-10-05,v0.3.0,Fixtures,Fixtures.branchy,false,true,105,18,3,1,18,4.34.1,
2026-10-05,v0.3.0,Fixtures,Fixtures.decBig,false,true,70,17,3,0,17,4.34.1,
2026-10-05,v0.3.0,Fixtures,Fixtures.natively,false,true,57,13,3,0,13,4.34.1,
2026-10-05,v0.3.0,Fixtures,*,false,true,,,,,,4.34.1,
2026-10-06,v0.3.0,Init,Nat.add_comm,false,true,34,7,4,1,7,4.34.1,
2026-10-06,v0.3.0,Init,Nat.le_antisymm,false,true,80,13,7,0,13,4.34.1,
2026-10-06,v0.3.0,Init,Nat.div_add_mod,false,true,58,15,2,0,15,4.34.1,
2026-10-06,v0.3.0,Init,Nat.sub_one_lt,false,true,40,10,2,0,10,4.34.1,
2026-10-06,v0.3.0,Init,List.length_append,false,true,207,24,6,1,24,4.34.1,
2026-10-06,v0.3.0,Init,List.reverse_reverse,false,true,67,10,3,0,10,4.34.1,
2026-10-06,v0.3.0,Init,Array.size_push,false,true,50,12,3,0,12,4.34.1,
2026-10-06,v0.3.0,Init,Nat.strongRecOn,false,true,41,7,5,0,7,4.34.1,
2026-10-06,v0.3.0,Init,*,false,true,,,,,,4.34.1,
2026-10-06,v0.3.0,Fixtures,Fixtures.addComm,false,true,27,6,2,0,6,4.34.1,
2026-10-06,v0.3.0,Fixtures,Fixtures.branchy,false,true,105,18,3,1,18,4.34.1,
2026-10-06,v0.3.0,Fixtures,Fixtures.decBig,false,true,70,17,3,0,17,4.34.1,
2026-10-06,v0.3.0,Fixtures,Fixtures.natively,false,true,57,13,3,0,13,4.34.1,
2026-10-06,v0.3.0,Fixtures,*,false,true,,,,,,4.34.1,
2026-10-07,v0.3.0,Init,Nat.add_comm,false,true,34,7,4,1,7,4.34.1,
2026-10-07,v0.3.0,Init,Nat.le_antisymm,false,true,80,13,7,0,13,4.34.1,
2026-10-07,v0.3.0,Init,Nat.div_add_mod,false,true,58,15,2,0,15,4.34.1,
2026-10-07,v0.3.0,Init,Nat.sub_one_lt,false,true,40,10,2,0,10,4.34.1,
2026-10-07,v0.3.0,Init,List.length_append,false,true,207,24,6,1,24,4.34.1,
2026-10-07,v0.3.0,Init,List.reverse_reverse,false,true,67,10,3,0,10,4.34.1,
2026-10-07,v0.3.0,Init,Array.size_push,false,true,50,12,3,0,12,4.34.1,
2026-10-07,v0.3.0,Init,Nat.strongRecOn,false,true,41,7,5,0,7,4.34.1,
2026-10-07,v0.3.0,Init,*,false,true,,,,,,4.34.1,
2026-10-07,v0.3.0,Fixtures,Fixtures.addComm,false,true,27,6,2,0,6,4.34.1,
2026-10-07,v0.3.0,Fixtures,Fixtures.branchy,false,true,105,18,3,1,18,4.34.1,
2026-10-07,v0.3.0,Fixtures,Fixtures.decBig,false,true,70,17,3,0,17,4.34.1,
2026-10-07,v0.3.0,Fixtures,Fixtures.natively,false,true,57,13,3,0,13,4.34.1,
2026-10-07,v0.3.0,Fixtures,*,false,true,,,,,,4.34.1,
2026-10-08,v0.3.0,Init,Nat.add_comm,false,true,34,7,4,1,7,4.34.1,
2026-10-08,v0.3.0,Init,Nat.le_antisymm,false,true,80,13,7,0,13,4.34.1,
2026-10-08,v0.3.0,Init,Nat.div_add_mod,false,true,58,15,2,0,15,4.34.1,
2026-10-08,v0.3.0,Init,Nat.sub_one_lt,false,true,40,10,2,0,10,4.34.1,
2026-10-08,v0.3.0,Init,List.length_append,false,true,207,24,6,1,24,4.34.1,
2026-10-08,v0.3.0,Init,List.reverse_reverse,false,true,67,10,3,0,10,4.34.1,
2026-10-08,v0.3.0,Init,Array.size_push,false,true,50,12,3,0,12,4.34.1,
2026-10-08,v0.3.0,Init,Nat.strongRecOn,false,true,41,7,5,0,7,4.34.1,
2026-10-08,v0.3.0,Init,*,false,true,,,,,,4.34.1,
2026-10-08,v0.3.0,Fixtures,Fixtures.addComm,false,true,27,6,2,0,6,4.34.1,
2026-10-08,v0.3.0,Fixtures,Fixtures.branchy,false,true,105,18,3,1,18,4.34.1,
2026-10-08,v0.3.0,Fixtures,Fixtures.decBig,false,true,70,17,3,0,17,4.34.1,
2026-10-08,v0.3.0,Fixtures,Fixtures.natively,false,true,57,13,3,0,13,4.34.1,
2026-10-08,v0.3.0,Fixtures,*,false,true,,,,,,4.34.1,
2026-10-09,v0.3.0,Init,Nat.add_comm,false,true,34,7,4,1,7,4.34.1,
2026-10-09,v0.3.0,Init,Nat.le_antisymm,false,true,80,13,7,0,13,4.34.1,
2026-10-09,v0.3.0,Init,Nat.div_add_mod,false,true,58,15,2,0,15,4.34.1,
2026-10-09,v0.3.0,Init,Nat.sub_one_lt,false,true,40,10,2,0,10,4.34.1,
2026-10-09,v0.3.0,Init,List.length_append,false,true,207,24,6,1,24,4.34.1,
2026-10-09,v0.3.0,Init,List.reverse_reverse,false,true,67,10,3,0,10,4.34.1,
2026-10-09,v0.3.0,Init,Array.size_push,false,true,50,12,3,0,12,4.34.1,
2026-10-09,v0.3.0,Init,Nat.strongRecOn,false,true,41,7,5,0,7,4.34.1,
2026-10-09,v0.3.0,Init,*,false,true,,,,,,4.34.1,
2026-10-09,v0.3.0,Fixtures,Fixtures.addComm,false,true,27,6,2,0,6,4.34.1,
2026-10-09,v0.3.0,Fixtures,Fixtures.branchy,false,true,105,18,3,1,18,4.34.1,
2026-10-09,v0.3.0,Fixtures,Fixtures.decBig,false,true,70,17,3,0,17,4.34.1,
2026-10-09,v0.3.0,Fixtures,Fixtures.natively,false,true,57,13,3,0,13,4.34.1,
2026-10-09,v0.3.0,Fixtures,*,false,true,,,,,,4.34.1,
2026-10-10,v0.3.0,Init,Nat.add_comm,false,true,34,7,4,1,7,4.34.1,
2026-10-10,v0.3.0,Init,Nat.le_antisymm,false,true,80,13,7,0,13,4.34.1,
2026-10-10,v0.3.0,Init,Nat.div_add_mod,false,true,58,15,2,0,15,4.34.1,
2026-10-10,v0.3.0,Init,Nat.sub_one_lt,false,true,40,10,2,0,10,4.34.1,
2026-10-10,v0.3.0,Init,List.length_append,false,true,207,24,6,1,24,4.34.1,
2026-10-10,v0.3.0,Init,List.reverse_reverse,false,true,67,10,3,0,10,4.34.1,
2026-10-10,v0.3.0,Init,Array.size_push,false,true,50,12,3,0,12,4.34.1,
2026-10-10,v0.3.0,Init,Nat.strongRecOn,false,true,41,7,5,0,7,4.34.1,
2026-10-10,v0.3.0,Init,*,false,true,,,,,,4.34.1,
2026-10-10,v0.3.0,Fixtures,Fixtures.addComm,false,true,27,6,2,0,6,4.34.1,
2026-10-10,v0.3.0,Fixtures,Fixtures.branchy,false,true,105,18,3,1,18,4.34.1,
2026-10-10,v0.3.0,Fixtures,Fixtures.decBig,false,true,70,17,3,0,17,4.34.1,
2026-10-10,v0.3.0,Fixtures,Fixtures.natively,false,true,57,13,3,0,13,4.34.1,
2026-10-10,v0.3.0,Fixtures,*,false,true,,,,,,4.34.1,
